<configs>

<append xpath="/items">
	
	<item name="vehicleWheelchairPlaceable">
		<!-- My tweaks to the vehicle -->
		<property name="CustomIcon" value="wheelchairIcon"/>
		<property name="DescriptionKey" value="vehicleWheelchairPlaceableDesc"/>
		<property name="SellableToTrader" value="false"/>
		<!-- <property name="UnlockedBy" value="craftingVehicles"/> --> <!-- Make a learnable recipe fix later -->

		<property name="Extends" value="vehicleMinibikePlaceable"/>
		<property name="Tags" value="vehicle,vengine,vfuel,vlight,vseat,canHaveCosmetic"/> <!-- Choose available mod types -->
		<property name="Meshfile" value="#@modfolder:Resources/moCroniksWheelchair.unity3d?moCroniksWheelsFullRelease.Prefab"/>
		<!-- <property name="DropMeshfile" value="Items/Misc/sack_droppedPrefab"/> -->
		<property name="EconomicValue" value="14420"/>
		<property name="TraderStageTemplate" value="vehicleTier2"/>
		<property class="Action1">
			<property name="Vehicle" value="vehiclemoCroniksWheels"/>
			<property name="VehicleSize" value="2.5, 2.5, 2.5"/>
		<property name="Class" value="SpawnVehicle"/>
		<property name="Vehicle" value="vehicleWheelchair"/>
		</property>
		<effect_group name="vehicleWheelchairPlaceable" tiered="false">
			<passive_effect name="ModSlots" operation="base_set" value="5"/>
			<passive_effect name="ModPowerBonus" operation="base_add" value="300" tags="EconomicValue"/>
			<passive_effect name="DegradationMax" operation="base_set" value="4200"/>
		</effect_group>
	</item>

</append>

</configs>
