<configs>

	<append xpath="/vehicles">
		
	<vehicle name="vehicleWheelchair">
	
		<property name="cameraDistance" value="3, 4.5"/>
		<property name="cameraTurnRate" value=".2, .35"/>
		<property name="upAngleMax" value="70"/>
		<property name="upForce" value="1"/>
		<!-- <property name="steerAngleMax" value="60"/> -->
		<property name="steerRate" value="130"/>
		<property name="steerCenteringRate" value="90"/>
		<property name="tiltAngleMax" value="80"/>
		<property name="tiltThreshold" value="3"/>
		<property name="tiltDampening" value=".22"/>
		<property name="tiltDampenThreshold" value="8"/>
		<property name="tiltUpForce" value="0"/>
		
		<property name="motorTorque_turbo" value="3500, 1500, 4500, 2000"/>
		<property name="velocityMax_turbo" value="10, 8, 14, 10"/>
		<property name="brakeTorque" value="6000"/>
		<property name="hopForce" value="1.5, 0.1"/>
		<property name="unstickForce" value="1"/>
		<property name="waterDrag_y_velScale_velMaxScale" value="1.8, .9, .1"/>
		<property name="wheelPtlScale" value="1"/>

		<property name="hornSound" value="suv_horn"/>
		
		<property name="recipeName" value="vehicleWheelchairPlaceable"/>

		<property class="chassis">
			<property name="class" value="Chassis"/>
			<property name="paint" value="body"/>
		</property>

		<property class="engine">
			<property name="class" value="Engine"/>
			<property name="particleOn" value="p_on"/>
			<property name="particleDamaged" value="p_damaged"/>
			<property name="particleBroken" value="p_broken"/>
			<property name="fuelKmPerL" value=".1"/>
			<property name="foodDrain" value=".002,.00811"/><!-- driving/turbo, truck -->
			<property name="gear1" value="
								500,2500, -1400,800,0, 700,2200,900,
								Vehicles/Suv/suv_accel1,
								Vehicles/Suv/suv_decel1,
								0, .7, 1, .1, -9, .12, .1, Vehicles/Suv/suv_idle_lp,
								-.4, -.02, .7, .7, -.2, 9, .2, Vehicles/Suv/suv_max_speed_lp
								"/>
			<property name="gear2" value="
								500,2500, -2000,1000,2000, 600,2200,800,
								Vehicles/Suv/suv_accel2,
								Vehicles/Suv/suv_decel1,
								-.25, -.05, .2, .4, -1, 1, .1, Vehicles/Suv/suv_max_speed_lp
								"/>
			<property name="gear3" value="
								500,2500, -2000,1000,2000, 500,2200,1000,
								Vehicles/Suv/suv_accel3,
								Vehicles/Suv/suv_decel2,
								-.28, -.07, .3, .6, -1, 1, .1, Vehicles/Suv/suv_max_speed_lp
								"/>
			<property name="gear4" value="
								500,2500, -2000,1000,2000, 500,9999,9999,
								,
								Vehicles/Suv/suv_decel2,
								-.31, -.08, .6, .9, -1, 1, .1, Vehicles/Suv/suv_max_speed_lp
								"/>
			<property name="sound_start" value="Vehicles/Suv/suv_startup"/>
			<property name="sound_shut_off" value="Vehicles/Suv/suv_shutoff"/>
			<property name="sound_no_fuel_shut_off" value="Vehicles/Motorbike/motorbike_empty"/>
	
			<!-- <property name="mod" value="speed"/> New assets added to jeep/add transforms in unity -->
			<!-- <property name="modT" value="M/Turbo"/> -->
			<!-- <property name="modHideT" value="M/Hood"/> -->
		</property>

		<property class="fuelTank">
			<property name="class" value="FuelTank"/>
			<property name="capacity" value="420"/>
			<!-- <property name="mod" value="fueltank"/> New assets added to jeep/add transforms in unity  -->
			<!-- <property name="modT" value="M/Fuel"/> -->
		</property>

		<property class="handlebars">
			<property name="class" value="Steering"/>
			<property name="transform" value="Origin/steering_joint"/>
			<property name="steerMaxAngle" value="0, 0, .5"/>
			<property name="IKHandLPosition" value="-.1, 1.6, 2.9"/>
			<property name="IKHandRPosition" value=".1, 1.6, 2.9"/>			
			<property name="IKHandLRotation" value="-90, 90, 5"/>
			<property name="IKHandRRotation" value="90, -90, -5"/>
		</property>
		
		<property class="seat0">
			<property name="class" value="Seat"/>
			<property name="pose" value="20"/>
			<property name="position" value="0.14, -0.15, 0.9"/>
			<property name="rotation" value="-27, 0, 0"/>
			<property name="exit" value="-3,0,.9 ~ 3,0,.9 ~ 0,0,-2.4 ~ 0,0,2.4 ~ 0,2,0"/>
			<property name="IKFootLPosition" value="-.11, .35, .05"/>
			<property name="IKFootRPosition" value=".11, .35, .05"/>
			<property name="IKFootLRotation" value="-22.5, 0, 0"/>
			<property name="IKFootRRotation" value="-22.5, 0, 0"/>
			<property name="IKHandLPosition" value="-.12, 1.123, .32"/>
			<property name="IKHandRPosition" value=".12, 1.1054, .32"/>			
			<property name="IKHandLRotation" value="-90, 90, 5"/>
			<property name="IKHandRRotation" value="90, -90, -5"/>

		</property>

		<property class="seat1">
			<property name="class" value="Seat"/>
			<!-- <property name="pose" value="21"/> -->
			<property name="position" value="0.14, 0, -0.6"/>
			<property name="rotation" value="0, 0, 0"/>
			<property name="exit" value="1.7,0,0 ~ -1.7,0,-1 ~ .25,0,-3.6 ~ .25,0,3 ~ .4,2.1,0"/>
			<property name="IKHandLPosition" value="-.32, 1.123, .32"/>
			<property name="IKHandRPosition" value=".32, 1.1054, .32"/>			
			<property name="IKHandLRotation" value="-90, 90, 5"/>
			<property name="IKHandRRotation" value="90, -90, -5"/>
		</property>

			<property class="wheel0">
				<property name="steerTransform" value="Origin/frontLeftWheelStear_joint"/>
				<property name="tireTransform" value="Origin/frontLeftWheelStear_joint/frontLeftWheel_joint"/>
				<property name="tireSuspensionPercent" value="1"/>
				<property name="torqueScale_motor_brake" value="1, .8"/>
			</property>
			
			<property class="wheel1">
				<property name="steerTransform" value="Origin/frontRightWheelStear_joint"/>
				<property name="tireTransform" value="Origin/frontRightWheelStear_joint/frontRightWheel_joint"/>
				<property name="tireSuspensionPercent" value="1"/>
				<property name="torqueScale_motor_brake" value="1, .8"/>
			</property>
			
			<property class="wheel2">
				<property name="tireTransform" value="Origin/backLeftWheelJoint"/>
				<property name="tireSuspensionPercent" value="1"/>
				<property name="torqueScale_motor_brake" value="1, 1"/>
			</property>
			
			<property class="wheel3">
				<property name="tireTransform" value="Origin/backRightWheelJoint"/>
				<property name="tireSuspensionPercent" value="1"/>
				<property name="torqueScale_motor_brake" value="1, 1"/>
			</property>
			
			<property class="wheel4">
				<property name="tireTransform" value="Origin/middleLeftWheelJoint"/>
				<property name="tireSuspensionPercent" value="1"/>
				<property name="torqueScale_motor_brake" value="1, 1"/>
			</property>
			
			<property class="wheel5">
				<property name="tireTransform" value="Origin/middleRightWheelJoint"/>
				<property name="tireSuspensionPercent" value="1"/>
				<property name="torqueScale_motor_brake" value="1, 1"/>
			</property>

			<property class="headlight">
				<property name="class" value="Headlight"/>
				
				<property name="bright" value=".75"/>

				<property name="transform" value="Origin/headlight"/>
			</property>

			<property class="storage">
				<property name="class" value="Storage"/>
			</property>

		</vehicle>
	</append>	
</configs>