<configs>
	
<!--======== moCronik Logo by moCronik =========-->

	<append xpath="/blocks">	
		<block name="moCronik_Logo">
			<property name="CreativeMode" value="Player"/>
			<property name="Place" value="TowardsPlacerInverted"/>
			<property name="Group" value="Decor/Miscellaneous"/>
			<property name="Material" value="Mmetal"/>
			<property name="DisplayType" value="blockMulti" />
			<property name="IsTerrainDecoration" value="true"/>
			<property name="Path" value="solid"/>
			<property name="StabilitySupport" value="false"/>
			<property name="OnlySimpleRotations" value="true"/> 
			<property name="CanPickup" value="true" /> 
<!--			<property name="Collide" value="movement,melee,bullet,arrow,rocket"/> Remove comment and adjust if you want destruction	-->
			<property name="Collide" value="movement"/>
			<drop event="Harvest" name="terrStone" count="0" tool_category="Disassemble"/>
			<drop event="Harvest" name="resourceMetalPipe" count="4,8" tag="salvageHarvest"/>
			<drop event="Harvest" name="resourceScrapIron" count="2,5" tag="allHarvest"/>
			<drop event="Destroy" name="resourceScrapIron" count="2,5"/>
			<drop event="Fall" name="scrapMetalPile" count="1" prob="0.75" stick_chance="1"/>
			<property name="DescriptionKey" value="decorativeBlockGroupDesc"/> 
			<property name="Shape" value="ModelEntity" />
			<property name="Model" value="#@modfolder:Resources/moCronikLogo.unity3d?moCronikLogo" />
			<property name="CustomIcon" value="moCronikIcon"/> 
		</block>
	</append>

</configs>